<?xml version="1.0" encoding="UTF-8"?>
<cm:consulmodel xmlns:cm="http://www.pure-systems.com/consul/model" cm:id="iVCiAqEfcnOcQGmN7" cm:version="1.1" cm:type="ps:configspace"><cm:head></cm:head>
<cm:elements cm:rootid="idzS0jyXaRpMx6vkW"><cm:element cm:id="idzS0jyXaRpMx6vkW" cm:class="ps:lookup"><cm:relations cm:id="iy8q5C9YqxFUuVLcs" cm:class="ps:models"><cm:relation cm:id="iioZ8t8WrP9WSlvV9" cm:type="ps:used"><cm:target cm:id="iD2gKMN0x1d7MIELL">./iF9-LahkIRcxACYBO</cm:target>
</cm:relation>
</cm:relations>
<cm:properties><cm:property cm:id="iFrsANlxCK84uubO0" cm:type="ps:path" cm:name="module_base"><cm:constant cm:id="ixfcEuTyPZywcas7v" cm:type="ps:path">$(WORKSPACE)</cm:constant>
</cm:property>
<cm:property cm:id="iOmivfBNmsYVyN8j2" cm:type="ps:path" cm:name="transform_module"><cm:constant cm:id="iOCphj6iMkKInNjiu" cm:type="ps:path">$(PROJECT)/cfg/moduleconfig.xml</cm:constant>
</cm:property>
<cm:property cm:id="iUCMK0qp6ZzvxKkT6" cm:type="ps:string" cm:name="conf_clear_dir"><cm:constant cm:id="ilUMMWJ6VK8Yu_3xQ" cm:type="ps:string">true</cm:constant>
</cm:property>
<cm:property cm:id="ilVY7uGwxZddiLDY7" cm:type="ps:string" cm:name="conf_create_dir"><cm:constant cm:id="iGbTKNJKMQz3nPsQI" cm:type="ps:string">true</cm:constant>
</cm:property>
<cm:property cm:id="ivG3DK9IUzoaK1Py3" cm:type="ps:string" cm:name="recover"><cm:constant cm:id="i7HE4qIQjWXjlq6h0" cm:type="ps:string">true</cm:constant>
</cm:property>
</cm:properties>
</cm:element>
<cm:element cm:id="iF9-LahkIRcxACYBO" cm:name="iSMbLVvn9gs-Oa79d" cm:type="ps:used" cm:class="ps:model"><cm:properties><cm:property cm:id="i8Kr6C4y5mcoE9AKn" cm:type="ps:string" cm:name="model_type"><cm:constant cm:id="iS9EuelEE17IpFnNE" cm:type="ps:string">ps:fm</cm:constant>
</cm:property>
<cm:property cm:id="iK8ZzYFzRnD2qCnpd" cm:type="ps:path" cm:name="model_path"><cm:constant cm:id="ir21CM-G1L9T8YR3_" cm:type="ps:path">$(PROJECT)/org.xtext.example.mydsl.pv.xfm</cm:constant>
</cm:property>
<cm:property cm:id="iHgA_jdHJekIJth2i" cm:type="ps:integer" cm:name="model_rank"><cm:constant cm:id="iUIAoGTH1XIjgR8TE" cm:type="ps:integer">1</cm:constant>
</cm:property>
</cm:properties>
</cm:element>
</cm:elements>
</cm:consulmodel>
