<?xml version="1.0" encoding="UTF-8" standalone="no"?><moduleconfigs name="Default"><moduleconfig ignoreerrors="false" name="Default"><input use="false"/><output clear="false" create="false" recover="false" use="false"/><module exclude="" include="/variant" name="Convert to transformer action list" tname="standard transformation"><parameter name="execution time" type="ps:string"/><parameter name="output file" type="ps:path"/></module><module exclude="" include="/variant" name="Execute transformer action list" tname="actionlist"><parameter name="in" type="ps:path"/><parameter name="destroy" type="ps:boolean"/><parameter name="execution time" type="ps:string"/></module></moduleconfig></moduleconfigs>